{"cameraMode":{"drawMode":0,"name":"Shaded","section":"Shading Mode"},"sceneLighting":true,"audioPlay":false,"sceneViewState":{"m_AlwaysRefresh":false,"showFog":true,"showSkybox":true,"showFlares":true,"showImageEffects":true,"showParticleSystems":true,"showVisualEffectGraphs":true,"m_FxEnabled":true},"in2DMode":false,"pivot":{"x":1.6462316513061524,"y":-2.1890344619750978,"z":-0.3934640884399414},"rotation":{"x":0.12130847573280335,"y":0.878620982170105,"z":-0.3325318992137909,"w":0.32052361965179446},"size":10.825801849365235,"orthographic":false}